route_id,prefecture,scenario,origin_lat,origin_lng,destination_lat,destination_lng,highway_allowed,apple_maps_seconds
fukuoka-01,fukuoka,urban,33.590200,130.401700,33.590200,130.501700,true,
fukuoka-02,fukuoka,mountain,33.590200,130.401700,33.644247,130.327972,true,
fukuoka-03,fukuoka,coastal,33.590200,130.401700,33.510504,130.410416,true,
fukuoka-04,fukuoka,highway_allowed,33.590200,130.401700,33.653668,130.462576,true,
fukuoka-05,fukuoka,highway_avoided,33.590200,130.401700,33.576308,130.303219,false,
fukuoka-06,fukuoka,urban,33.590200,130.401700,33.504232,130.570378,true,
fukuoka-07,fukuoka,mountain,33.590200,130.401700,33.744748,130.349936,true,
fukuoka-08,fukuoka,coastal,33.590200,130.401700,33.448278,130.309350,true,
fukuoka-09,fukuoka,highway_allowed,33.590200,130.401700,33.644923,130.589639,true,
fukuoka-10,fukuoka,highway_avoided,33.590200,130.401700,33.651429,130.216924,false,
fukuoka-11,fukuoka,urban,33.590200,130.401700,33.372686,130.528485,true,
fukuoka-12,fukuoka,mountain,33.590200,130.401700,33.819092,130.491912,true,
fukuoka-13,fukuoka,coastal,33.590200,130.401700,33.470200,130.141892,true,
fukuoka-14,fukuoka,highway_allowed,33.590200,130.401700,33.538254,130.694589,true,
fukuoka-15,fukuoka,highway_avoided,33.590200,130.401700,33.786796,130.229627,false,
fukuoka-16,fukuoka,urban,33.590200,130.401700,33.272938,130.349490,true,
fukuoka-17,fukuoka,mountain,33.590200,130.401700,33.795892,130.708118,true,
fukuoka-18,fukuoka,coastal,33.590200,130.401700,33.604158,130.002081,true,
fukuoka-19,fukuoka,highway_allowed,33.590200,130.401700,33.363926,130.684543,true,
fukuoka-20,fukuoka,highway_avoided,33.590200,130.401700,33.909895,130.384252,false,
saga-01,saga,urban,33.249400,130.298800,33.249400,130.398800,true,
saga-02,saga,mountain,33.249400,130.298800,33.303447,130.225072,true,
saga-03,saga,coastal,33.249400,130.298800,33.169704,130.307516,true,
saga-04,saga,highway_allowed,33.249400,130.298800,33.312868,130.359676,true,
saga-05,saga,highway_avoided,33.249400,130.298800,33.235508,130.200319,false,
saga-06,saga,urban,33.249400,130.298800,33.163432,130.467478,true,
saga-07,saga,mountain,33.249400,130.298800,33.403948,130.247036,true,
saga-08,saga,coastal,33.249400,130.298800,33.107478,130.206450,true,
saga-09,saga,highway_allowed,33.249400,130.298800,33.304123,130.486739,true,
saga-10,saga,highway_avoided,33.249400,130.298800,33.310629,130.114024,false,
saga-11,saga,urban,33.249400,130.298800,33.031886,130.425585,true,
saga-12,saga,mountain,33.249400,130.298800,33.478292,130.389012,true,
saga-13,saga,coastal,33.249400,130.298800,33.129400,130.038992,true,
saga-14,saga,highway_allowed,33.249400,130.298800,33.197454,130.591689,true,
saga-15,saga,highway_avoided,33.249400,130.298800,33.445996,130.126727,false,
saga-16,saga,urban,33.249400,130.298800,32.932138,130.246590,true,
saga-17,saga,mountain,33.249400,130.298800,33.455092,130.605218,true,
saga-18,saga,coastal,33.249400,130.298800,33.263358,129.899181,true,
saga-19,saga,highway_allowed,33.249400,130.298800,33.023126,130.581643,true,
saga-20,saga,highway_avoided,33.249400,130.298800,33.569095,130.281352,false,
nagasaki-01,nagasaki,urban,32.750300,129.877900,32.750300,129.977900,true,
nagasaki-02,nagasaki,mountain,32.750300,129.877900,32.804347,129.804172,true,
nagasaki-03,nagasaki,coastal,32.750300,129.877900,32.670604,129.886616,true,
nagasaki-04,nagasaki,highway_allowed,32.750300,129.877900,32.813768,129.938776,true,
nagasaki-05,nagasaki,highway_avoided,32.750300,129.877900,32.736408,129.779419,false,
nagasaki-06,nagasaki,urban,32.750300,129.877900,32.664332,130.046578,true,
nagasaki-07,nagasaki,mountain,32.750300,129.877900,32.904848,129.826136,true,
nagasaki-08,nagasaki,coastal,32.750300,129.877900,32.608378,129.785550,true,
nagasaki-09,nagasaki,highway_allowed,32.750300,129.877900,32.805023,130.065839,true,
nagasaki-10,nagasaki,highway_avoided,32.750300,129.877900,32.811529,129.693124,false,
nagasaki-11,nagasaki,urban,32.750300,129.877900,32.532786,130.004685,true,
nagasaki-12,nagasaki,mountain,32.750300,129.877900,32.979192,129.968112,true,
nagasaki-13,nagasaki,coastal,32.750300,129.877900,32.630300,129.618092,true,
nagasaki-14,nagasaki,highway_allowed,32.750300,129.877900,32.698354,130.170789,true,
nagasaki-15,nagasaki,highway_avoided,32.750300,129.877900,32.946896,129.705827,false,
nagasaki-16,nagasaki,urban,32.750300,129.877900,32.433038,129.825690,true,
nagasaki-17,nagasaki,mountain,32.750300,129.877900,32.955992,130.184318,true,
nagasaki-18,nagasaki,coastal,32.750300,129.877900,32.764258,129.478281,true,
nagasaki-19,nagasaki,highway_allowed,32.750300,129.877900,32.524026,130.160743,true,
nagasaki-20,nagasaki,highway_avoided,32.750300,129.877900,33.069995,129.860452,false,
kumamoto-01,kumamoto,urban,32.803100,130.707900,32.803100,130.807900,true,
kumamoto-02,kumamoto,mountain,32.803100,130.707900,32.857147,130.634172,true,
kumamoto-03,kumamoto,coastal,32.803100,130.707900,32.723404,130.716616,true,
kumamoto-04,kumamoto,highway_allowed,32.803100,130.707900,32.866568,130.768776,true,
kumamoto-05,kumamoto,highway_avoided,32.803100,130.707900,32.789208,130.609419,false,
kumamoto-06,kumamoto,urban,32.803100,130.707900,32.717132,130.876578,true,
kumamoto-07,kumamoto,mountain,32.803100,130.707900,32.957648,130.656136,true,
kumamoto-08,kumamoto,coastal,32.803100,130.707900,32.661178,130.615550,true,
kumamoto-09,kumamoto,highway_allowed,32.803100,130.707900,32.857823,130.895839,true,
kumamoto-10,kumamoto,highway_avoided,32.803100,130.707900,32.864329,130.523124,false,
kumamoto-11,kumamoto,urban,32.803100,130.707900,32.585586,130.834685,true,
kumamoto-12,kumamoto,mountain,32.803100,130.707900,33.031992,130.798112,true,
kumamoto-13,kumamoto,coastal,32.803100,130.707900,32.683100,130.448092,true,
kumamoto-14,kumamoto,highway_allowed,32.803100,130.707900,32.751154,131.000789,true,
kumamoto-15,kumamoto,highway_avoided,32.803100,130.707900,32.999696,130.535827,false,
kumamoto-16,kumamoto,urban,32.803100,130.707900,32.485838,130.655690,true,
kumamoto-17,kumamoto,mountain,32.803100,130.707900,33.008792,131.014318,true,
kumamoto-18,kumamoto,coastal,32.803100,130.707900,32.817058,130.308281,true,
kumamoto-19,kumamoto,highway_allowed,32.803100,130.707900,32.576826,130.990743,true,
kumamoto-20,kumamoto,highway_avoided,32.803100,130.707900,33.122795,130.690452,false,
oita-01,oita,urban,33.238200,131.612600,33.238200,131.712600,true,
oita-02,oita,mountain,33.238200,131.612600,33.292247,131.538872,true,
oita-03,oita,coastal,33.238200,131.612600,33.158504,131.621316,true,
oita-04,oita,highway_allowed,33.238200,131.612600,33.301668,131.673476,true,
oita-05,oita,highway_avoided,33.238200,131.612600,33.224308,131.514119,false,
oita-06,oita,urban,33.238200,131.612600,33.152232,131.781278,true,
oita-07,oita,mountain,33.238200,131.612600,33.392748,131.560836,true,
oita-08,oita,coastal,33.238200,131.612600,33.096278,131.520250,true,
oita-09,oita,highway_allowed,33.238200,131.612600,33.292923,131.800539,true,
oita-10,oita,highway_avoided,33.238200,131.612600,33.299429,131.427824,false,
oita-11,oita,urban,33.238200,131.612600,33.020686,131.739385,true,
oita-12,oita,mountain,33.238200,131.612600,33.467092,131.702812,true,
oita-13,oita,coastal,33.238200,131.612600,33.118200,131.352792,true,
oita-14,oita,highway_allowed,33.238200,131.612600,33.186254,131.905489,true,
oita-15,oita,highway_avoided,33.238200,131.612600,33.434796,131.440527,false,
oita-16,oita,urban,33.238200,131.612600,32.920938,131.560390,true,
oita-17,oita,mountain,33.238200,131.612600,33.443892,131.919018,true,
oita-18,oita,coastal,33.238200,131.612600,33.252158,131.212981,true,
oita-19,oita,highway_allowed,33.238200,131.612600,33.011926,131.895443,true,
oita-20,oita,highway_avoided,33.238200,131.612600,33.557895,131.595152,false,
miyazaki-01,miyazaki,urban,31.911100,131.423900,31.911100,131.523900,true,
miyazaki-02,miyazaki,mountain,31.911100,131.423900,31.965147,131.350172,true,
miyazaki-03,miyazaki,coastal,31.911100,131.423900,31.831404,131.432616,true,
miyazaki-04,miyazaki,highway_allowed,31.911100,131.423900,31.974568,131.484776,true,
miyazaki-05,miyazaki,highway_avoided,31.911100,131.423900,31.897208,131.325419,false,
miyazaki-06,miyazaki,urban,31.911100,131.423900,31.825132,131.592578,true,
miyazaki-07,miyazaki,mountain,31.911100,131.423900,32.065648,131.372136,true,
miyazaki-08,miyazaki,coastal,31.911100,131.423900,31.769178,131.331550,true,
miyazaki-09,miyazaki,highway_allowed,31.911100,131.423900,31.965823,131.611839,true,
miyazaki-10,miyazaki,highway_avoided,31.911100,131.423900,31.972329,131.239124,false,
miyazaki-11,miyazaki,urban,31.911100,131.423900,31.693586,131.550685,true,
miyazaki-12,miyazaki,mountain,31.911100,131.423900,32.139992,131.514112,true,
miyazaki-13,miyazaki,coastal,31.911100,131.423900,31.791100,131.164092,true,
miyazaki-14,miyazaki,highway_allowed,31.911100,131.423900,31.859154,131.716789,true,
miyazaki-15,miyazaki,highway_avoided,31.911100,131.423900,32.107696,131.251827,false,
miyazaki-16,miyazaki,urban,31.911100,131.423900,31.593838,131.371690,true,
miyazaki-17,miyazaki,mountain,31.911100,131.423900,32.116792,131.730318,true,
miyazaki-18,miyazaki,coastal,31.911100,131.423900,31.925058,131.024281,true,
miyazaki-19,miyazaki,highway_allowed,31.911100,131.423900,31.684826,131.706743,true,
miyazaki-20,miyazaki,highway_avoided,31.911100,131.423900,32.230795,131.406452,false,
kagoshima-01,kagoshima,urban,31.596600,130.557100,31.596600,130.657100,true,
kagoshima-02,kagoshima,mountain,31.596600,130.557100,31.650647,130.483372,true,
kagoshima-03,kagoshima,coastal,31.596600,130.557100,31.516904,130.565816,true,
kagoshima-04,kagoshima,highway_allowed,31.596600,130.557100,31.660068,130.617976,true,
kagoshima-05,kagoshima,highway_avoided,31.596600,130.557100,31.582708,130.458619,false,
kagoshima-06,kagoshima,urban,31.596600,130.557100,31.510632,130.725778,true,
kagoshima-07,kagoshima,mountain,31.596600,130.557100,31.751148,130.505336,true,
kagoshima-08,kagoshima,coastal,31.596600,130.557100,31.454678,130.464750,true,
kagoshima-09,kagoshima,highway_allowed,31.596600,130.557100,31.651323,130.745039,true,
kagoshima-10,kagoshima,highway_avoided,31.596600,130.557100,31.657829,130.372324,false,
kagoshima-11,kagoshima,urban,31.596600,130.557100,31.379086,130.683885,true,
kagoshima-12,kagoshima,mountain,31.596600,130.557100,31.825492,130.647312,true,
kagoshima-13,kagoshima,coastal,31.596600,130.557100,31.476600,130.297292,true,
kagoshima-14,kagoshima,highway_allowed,31.596600,130.557100,31.544654,130.849989,true,
kagoshima-15,kagoshima,highway_avoided,31.596600,130.557100,31.793196,130.385027,false,
kagoshima-16,kagoshima,urban,31.596600,130.557100,31.279338,130.504890,true,
kagoshima-17,kagoshima,mountain,31.596600,130.557100,31.802292,130.863518,true,
kagoshima-18,kagoshima,coastal,31.596600,130.557100,31.610558,130.157481,true,
kagoshima-19,kagoshima,highway_allowed,31.596600,130.557100,31.370326,130.839943,true,
kagoshima-20,kagoshima,highway_avoided,31.596600,130.557100,31.916295,130.539652,false,
